Hersey,https://www.peakbagger.com/peak.aspx?pid=42285,2004,1424,13.8,2024-04-25,,NH,NE131,,,,,,,y
Tenney,https://www.peakbagger.com/peak.aspx?pid=42289,2347,1019,9.9,2024-04-25,,NH,NE131,,,,,,,y
,,,,,,,,,,,,,,,
Wy'east,https://www.peakbagger.com/peak.aspx?pid=2382,"11,239",7706,92.2,,,OR,OR78,,,,,,,
Seekseekqua,https://www.peakbagger.com/peak.aspx?pid=2401,"10,497",5777,77.5,,,OR,OR78,,,,,,,
South Sister,https://www.peakbagger.com/peak.aspx?pid=2416,"10,358",5588,63.4,,,OR,OR78,,,,,,,
North Sister,https://www.peakbagger.com/peak.aspx?pid=2413,"10,085",2725,6.8,,,OR,OR78,,,,,,,
Sacajawea,https://www.peakbagger.com/peak.aspx?pid=3158,9838,6388,202,,,OR,OR78,,,,,,,
Steens,https://www.peakbagger.com/peak.aspx?pid=3338,9733,4373,200.8,,,OR,OR78,,,,,,,
Aneroid,https://www.peakbagger.com/peak.aspx?pid=3184,9702,2102,9.4,,,OR,OR78,,,,,,,
Twins,https://www.peakbagger.com/peak.aspx?pid=3152,9673,1953,7.7,,,OR,OR78,,,,,,,
Red,https://www.peakbagger.com/peak.aspx?pid=3191,9560,1960,11.8,,,OR,OR78,,,,,,,
Walum,https://www.peakbagger.com/peak.aspx?pid=2465,9495,4455,111.8,,,OR,OR78,,,,,,,
Hischokwolas,https://www.peakbagger.com/peak.aspx?pid=2441,9182,3342,81.1,,,OR,OR78,,,,,,,
Broken Top,https://www.peakbagger.com/peak.aspx?pid=2420,9175,2175,5,,,OR,OR78,,,,,,,
Rock Creek,https://www.peakbagger.com/peak.aspx?pid=3134,9106,4466,69.9,,,OR,OR78,,,,,,,
Bachelor,https://www.peakbagger.com/peak.aspx?pid=2423,9065,2665,11,,,OR,OR78,,,,,,,
Scott,https://www.peakbagger.com/peak.aspx?pid=2455,8929,3009,25.8,,,OR,OR78,,,,,,,
Diamond,https://www.peakbagger.com/peak.aspx?pid=2430,8744,3104,41.4,,,OR,OR78,,,,,,,
Pueblo,https://www.peakbagger.com/peak.aspx?pid=3340,8632,3032,45.5,,,OR,OR78,,,,,,,
Crane,https://www.peakbagger.com/peak.aspx?pid=3284,8456,2336,71.4,,,OR,OR78,,,,,,,
Drake,https://www.peakbagger.com/peak.aspx?pid=3282,8407,2547,27.9,,,OR,OR78,,,,,,,
Gearhart,https://www.peakbagger.com/peak.aspx?pid=3259,8370,3430,65.7,,,OR,OR78,,,,,,,
Bailey,https://www.peakbagger.com/peak.aspx?pid=2440,8368,2968,12.2,,,OR,OR78,,,,,,,
Aspen,https://www.peakbagger.com/peak.aspx?pid=2468,8208,3088,22.8,,,OR,OR78,,,,,,,
Yamsay,https://www.peakbagger.com/peak.aspx?pid=3255,8196,3176,53.1,,,OR,OR78,,,,,,,
Pelican,https://www.peakbagger.com/peak.aspx?pid=2464,8036,2196,15.2,,,OR,OR78,,,,,,,
Lookout,https://www.peakbagger.com/peak.aspx?pid=3231,8032,2112,9.9,,,OR,OR78,,,,,,,
Warner,https://www.peakbagger.com/peak.aspx?pid=3296,8017,2117,35.6,,,OR,OR78,,,,,,,
Paulina,https://www.peakbagger.com/peak.aspx?pid=3238,7984,3214,47.5,,,OR,OR78,,,,,,,
Beatys,https://www.peakbagger.com/peak.aspx?pid=3298,7918,2055,34.6,,,OR,OR78,,,,,,,
Three Fingered Jack,https://www.peakbagger.com/peak.aspx?pid=2406,7841,2481,20.3,,,OR,OR78,,,,,,,
Maiden,https://www.peakbagger.com/peak.aspx?pid=2429,7818,2578,17.3,,,OR,OR78,,,,,,,
Ironside,https://www.peakbagger.com/peak.aspx?pid=3139,7811,2211,14.9,,,OR,OR78,,,,,,,
Washington,https://www.peakbagger.com/peak.aspx?pid=2411,7794,2554,16.3,,,OR,OR78,,,,,,,
Ashland,https://www.peakbagger.com/peak.aspx?pid=1105,7532,3132,48.9,,,OR,OR78,,,,,,,
Blue,https://www.peakbagger.com/peak.aspx?pid=3391,7435,2075,17.2,,,OR,OR78,,,,,,,
Bald,https://www.peakbagger.com/peak.aspx?pid=3249,7393,2313,34.6,,,OR,OR78,,,,,,,
Fields,https://www.peakbagger.com/peak.aspx?pid=3223,7362,2322,28.1,,,OR,OR78,,,,,,,
Brown,https://www.peakbagger.com/peak.aspx?pid=17261,7340,2058,8.4,,,OR,OR78,,,,,,,
Swan Lake Point,https://www.peakbagger.com/peak.aspx?pid=23486,7260,2540,33.8,,,OR,OR78,,,,,,,
Yainax,https://www.peakbagger.com/peak.aspx?pid=3261,7222,2077,34.1,,,OR,OR78,,,,,,,
Olallie,https://www.peakbagger.com/peak.aspx?pid=2398,7215,2255,14,,,OR,OR78,,,,,,,
Snow,https://www.peakbagger.com/peak.aspx?pid=3241,7163,2123,45,,,OR,OR78,,,,,,,
Hamner,https://www.peakbagger.com/peak.aspx?pid=16453,7098,2338,13.8,,,OR,OR78,,,,,,,
Grayback,https://www.peakbagger.com/peak.aspx?pid=1104,7048,2248,33.6,,,OR,OR78,,,,,,,
Odell,https://www.peakbagger.com/peak.aspx?pid=2434,7032,2192,10.7,,,OR,OR78,,,,,,,
Hamaker,https://www.peakbagger.com/peak.aspx?pid=2481,6580,2220,24.6,,,OR,OR78,,,,,,,
Stukel,https://www.peakbagger.com/peak.aspx?pid=17258,6525,2058,28,,,OR,OR78,,,,,,,
Bryant,https://www.peakbagger.com/peak.aspx?pid=21286,6461,1981,30.6,,,OR,OR78,,,,,,,
Pedro,https://www.peakbagger.com/peak.aspx?pid=17259,6455,2055,26.2,,,OR,OR78,,,,,,,
Bohemia,https://www.peakbagger.com/peak.aspx?pid=16458,5990,2230,25.4,,,OR,OR78,,,,,,,
Bachelor,https://www.peakbagger.com/peak.aspx?pid=16456,5953,2273,14.3,,,OR,OR78,,,,,,,
Echo,https://www.peakbagger.com/peak.aspx?pid=27777,5800,2120,17,,,OR,OR78,,,,,,,
South Chucksney,https://www.peakbagger.com/peak.aspx?pid=17260,5795,2035,10.2,,,OR,OR78,,,,,,,
Schreiner,https://www.peakbagger.com/peak.aspx?pid=2391,5710,2350,20.4,,,OR,OR78,,,,,,,
Carpenter,https://www.peakbagger.com/peak.aspx?pid=17262,5349,2029,6.8,,,OR,OR78,,,,,,,
Brandy,https://www.peakbagger.com/peak.aspx?pid=1099,5298,3618,54.2,,,OR,OR78,,,,,,,
King,https://www.peakbagger.com/peak.aspx?pid=17257,5264,2184,50,,,OR,OR78,,,,,,,
Pearsoll,https://www.peakbagger.com/peak.aspx?pid=1101,5080,2600,31.1,,,OR,OR78,,,,,,,
Nihwik,https://www.peakbagger.com/peak.aspx?pid=18400,4680,2080,12.7,,,OR,OR78,,,,,,,
Big Craggies,https://www.peakbagger.com/peak.aspx?pid=17265,4619,2099,17.7,,,OR,OR78,,,,,,,
Isabelle,https://www.peakbagger.com/peak.aspx?pid=16455,4494,2294,11.8,,,OR,OR78,,,,,,,
Bolivar,https://www.peakbagger.com/peak.aspx?pid=1093,4319,2479,15.2,,,OR,OR78,,,,,,,
Grayback,https://www.peakbagger.com/peak.aspx?pid=17264,4022,2002,19.9,,,OR,OR78,,,,,,,
Eight Dollar,https://www.peakbagger.com/peak.aspx?pid=16452,4000,2520,5.8,,,OR,OR78,,,,,,,
Rogers,https://www.peakbagger.com/peak.aspx?pid=1075,3706,3034,97.9,,,OR,OR78,,,,,,,
Grass,https://www.peakbagger.com/peak.aspx?pid=16460,3603,2163,12.4,,,OR,OR78,,,,,,,
Laurel,https://www.peakbagger.com/peak.aspx?pid=1079,3589,2829,45.4,,,OR,OR78,,,,,,,
Saddle,https://www.peakbagger.com/peak.aspx?pid=1070,3283,2323,34.9,,,OR,OR78,,,,,,,
Tom,https://www.peakbagger.com/peak.aspx?pid=17266,3166,1966,22.4,,,OR,OR78,,,,,,,
West Onion,https://www.peakbagger.com/peak.aspx?pid=18392,3076,2356,20.3,,,OR,OR78,,,,,,,
